{"piqa": {"acc,none": 0.7867247007616975, "acc_stderr,none": 0.009557121225861432, "acc_norm,none": 0.79379760609358, "acc_norm_stderr,none": 0.009439460331609606, "alias": "piqa"}}