{"arc_challenge": {"acc,none": 0.20051194539249148, "acc_stderr,none": 0.011700318050499469, "acc_norm,none": 0.24744027303754265, "acc_norm_stderr,none": 0.01261035266329266, "alias": "arc_challenge"}, "arc_easy": {"acc,none": 0.4031986531986532, "acc_stderr,none": 0.010065668576794674, "acc_norm,none": 0.3720538720538721, "acc_norm_stderr,none": 0.009918187193096445, "alias": "arc_easy"}, "hellaswag": {"acc,none": 0.28818960366460866, "acc_stderr,none": 0.004519941716508064, "acc_norm,none": 0.3119896434973113, "acc_norm_stderr,none": 0.004623587630639497, "alias": "hellaswag"}, "piqa": {"acc,none": 0.6294885745375408, "acc_stderr,none": 0.01126782647544784, "acc_norm,none": 0.6131664853101197, "acc_norm_stderr,none": 0.011363095931902692, "alias": "piqa"}, "winogrande": {"acc,none": 0.5130228887134964, "acc_stderr,none": 0.014047718393997596, "alias": "winogrande"}}