{"piqa": {"acc,none": 0.6300326441784548, "acc_stderr,none": 0.011264415223415222, "acc_norm,none": 0.6202393906420022, "acc_norm_stderr,none": 0.011323483504715666, "alias": "piqa"}}