{"arc_challenge": {"acc,none": 0.2235494880546075, "acc_stderr,none": 0.012174896631202666, "acc_norm,none": 0.2619453924914676, "acc_norm_stderr,none": 0.012849054826857987, "alias": "arc_challenge"}, "arc_easy": {"acc,none": 0.41203703703703703, "acc_stderr,none": 0.010099765857562741, "acc_norm,none": 0.3926767676767677, "acc_norm_stderr,none": 0.01002064655553866, "alias": "arc_easy"}, "hellaswag": {"acc,none": 0.3110934076877116, "acc_stderr,none": 0.004619948037223216, "acc_norm,none": 0.38309101772555265, "acc_norm_stderr,none": 0.004851466623601119, "alias": "hellaswag"}, "mmlu_abstract_algebra": {"alias": "abstract_algebra", "acc,none": 0.25, "acc_stderr,none": 0.04351941398892446}, "mmlu_business_ethics": {"alias": "business_ethics", "acc,none": 0.2, "acc_stderr,none": 0.04020151261036849}, "mmlu_college_computer_science": {"alias": "college_computer_science", "acc,none": 0.22, "acc_stderr,none": 0.041633319989322654}, "mmlu_college_mathematics": {"alias": "college_mathematics", "acc,none": 0.19, "acc_stderr,none": 0.039427724440366255}, "mmlu_conceptual_physics": {"alias": "conceptual_physics", "acc,none": 0.2297872340425532, "acc_stderr,none": 0.0275017529444124}, "mmlu_formal_logic": {"alias": "formal_logic", "acc,none": 0.21428571428571427, "acc_stderr,none": 0.03670066451047179}, "mmlu_global_facts": {"alias": "global_facts", "acc,none": 0.36, "acc_stderr,none": 0.048241815132442176}, "mmlu_machine_learning": {"alias": "machine_learning", "acc,none": 0.24107142857142858, "acc_stderr,none": 0.040598672469526885}, "mmlu_miscellaneous": {"alias": "miscellaneous", "acc,none": 0.2784163473818646, "acc_stderr,none": 0.016028295188992504}, "mmlu_philosophy": {"alias": "philosophy", "acc,none": 0.19292604501607716, "acc_stderr,none": 0.022411516780911328}, "piqa": {"acc,none": 0.5952121871599565, "acc_stderr,none": 0.011452361375057018, "acc_norm,none": 0.6001088139281828, "acc_norm_stderr,none": 0.011429608127857762, "alias": "piqa"}, "winogrande": {"acc,none": 0.5043409629044988, "acc_stderr,none": 0.014051956064076884, "alias": "winogrande"}}